order_id,total_price,financial_status,created_at_utc,has_ga4_match
1258061525,148.99,paid,2021-01-03 13:51:10.541475+00:00,True
4159477087,222.24,paid,2021-01-16 15:35:38.669985+00:00,True
4811209569,66.83,paid,2021-01-20 20:22:20.557995+00:00,True
8443894739,99.01,paid,2021-01-23 12:43:17.782142+00:00,True
4680427421,114.86,paid,2021-01-27 02:08:58.372817+00:00,True
3234168181,56.3,paid,2021-01-21 21:26:10.790752+00:00,True
GHOST_0048,174.25,paid,2021-01-21 21:03:38.713392+00:00,False
8519402147,97.78,paid,2021-01-22 16:54:26.288555+00:00,True
7725461121,44.0,paid,2021-01-06 06:02:07.680904+00:00,True
GHOST_0129,138.08,paid,2021-01-20 07:00:47.536216+00:00,False
8697460126,169.06,paid,2021-01-06 03:56:21.852196+00:00,True
GHOST_0153,69.65,paid,2021-01-12 11:35:18.949054+00:00,False
4548947157,96.71,paid,2021-01-25 19:28:20.171949+00:00,True
5085473533,41.69,paid,2021-01-24 06:30:42.878157+00:00,True
8670704018,119.0,paid,2021-01-13 17:44:36.293822+00:00,True
1398344983,13.0,paid,2021-01-22 18:29:04.409452+00:00,True
GHOST_0127,26.57,paid,2021-01-22 06:27:25.652737+00:00,False
1958324476,48.0,paid,2021-01-17 23:25:02.553616+00:00,True
9782960347,36.08,paid,2021-01-22 17:12:49.742078+00:00,True
9570840426,192.41,paid,2021-01-18 11:47:55.966392+00:00,True
1701228605,174.01,paid,2021-01-24 17:12:30.659076+00:00,True
9527218814,68.0,paid,2021-01-14 16:51:11.527857+00:00,True
1443114188,142.98,paid,2021-01-25 22:01:21.632760+00:00,True
4203468655,55.0,paid,2021-01-22 22:48:21.365871+00:00,True
6708121849,205.24,paid,2021-01-28 23:17:58.707582+00:00,True
4855170659,177.16,paid,2021-01-20 03:18:51.493344+00:00,True
2033753400,70.6,paid,2021-01-14 16:01:24.885854+00:00,True
4909159521,160.11,paid,2021-01-12 20:21:13.010582+00:00,True
4411299925,91.02,paid,2021-01-23 02:36:00.081580+00:00,True
7600438409,48.0,paid,2021-01-18 11:59:59.422657+00:00,True
GHOST_0110,19.97,paid,2021-01-12 20:58:55.108196+00:00,False
4230909105,71.0,paid,2021-01-09 08:06:48.913012+00:00,True
924061931,166.05,paid,2021-01-25 23:09:16.758217+00:00,True
2005891136,190.52,paid,2021-01-14 23:10:37.743891+00:00,True
648019596,104.0,paid,2021-01-24 23:00:07.656326+00:00,True
5267360003,12.0,paid,2021-01-12 07:27:30.723578+00:00,True
GHOST_0120,215.02,paid,2021-01-15 16:40:21.295094+00:00,False
7479879671,28.0,voided,2021-01-19 11:16:03.003434+00:00,True
6930172236,104.0,refunded,2021-01-25 19:44:41.586147+00:00,True
8879317610,198.85,paid,2021-01-06 08:03:23.031718+00:00,True
GHOST_0084,139.73,paid,2021-01-20 18:28:20.782439+00:00,False
3732941480,68.08,paid,2021-01-25 00:16:11.801697+00:00,True
1530169487,184.0,paid,2021-01-13 00:51:54.889122+00:00,True
5922068925,242.41,paid,2021-01-21 18:42:17.860868+00:00,True
9261479607,24.0,paid,2021-01-17 06:45:21.471627+00:00,True
7439692432,46.08,paid,2021-01-15 14:00:24.303565+00:00,True
8320892022,54.51,paid,2021-01-29 23:19:25.400187+00:00,True
GHOST_0045,18.28,paid,2021-01-27 02:36:24.372817+00:00,False
4913438430,136.79,paid,2021-01-18 14:07:04.542683+00:00,True
7055906220,176.58,paid,2021-01-22 18:57:13.991633+00:00,True
9004220447,115.0,paid,2021-01-06 16:01:27.934387+00:00,True
4893035703,16.0,paid,2021-01-27 08:06:04.469128+00:00,True
8357718764,37.97,paid,2021-01-13 17:04:20.714853+00:00,True
2377758698,101.86,paid,2021-01-13 16:52:25.492408+00:00,True
8912101328,86.0,paid,2021-01-20 09:16:16.434508+00:00,True
GHOST_0062,129.82,paid,2021-01-14 00:54:06.775195+00:00,False
8518296394,52.61,paid,2021-01-05 14:54:06.229786+00:00,True
7342852809,139.58,paid,2021-01-22 23:36:46.959762+00:00,True
3250146779,181.91,paid,2021-01-15 04:02:00.928809+00:00,True
GHOST_0096,190.31,paid,2021-01-11 03:42:21.314529+00:00,False
633884287,97.94,paid,2021-01-09 21:37:14.343250+00:00,True
8939463680,192.23,paid,2021-01-14 23:02:25.360152+00:00,True
4202495226,216.83,paid,2021-01-23 11:09:55.745230+00:00,True
8711705095,196.73,paid,2021-01-05 22:13:13.017072+00:00,True
5133040973,14.0,paid,2021-01-22 17:05:32.978026+00:00,True
8004377427,65.21,paid,2021-01-22 16:28:03.284846+00:00,True
7723200866,157.85,paid,2021-01-14 22:57:19.320348+00:00,True
2214304411,112.19,paid,2021-01-14 18:30:27.787256+00:00,True
375298854,21.0,paid,2021-01-02 14:37:01.883872+00:00,True
6664617503,101.07,paid,2021-01-22 00:22:23.453251+00:00,True
3155177346,167.8,paid,2021-01-22 18:50:52.938756+00:00,True
GHOST_0133,232.34,paid,2021-01-20 11:03:57.310833+00:00,False
7135087482,246.2,paid,2021-01-11 05:45:34.274989+00:00,True
2132089979,98.1,refunded,2021-01-13 15:48:18.057495+00:00,True
2638824949,25.0,paid,2021-01-14 20:17:37.945528+00:00,True
4181705983,209.0,paid,2021-01-24 23:34:45.853919+00:00,True
1537053403,20.0,paid,2021-01-19 19:29:36.975827+00:00,True
7951189277,20.0,paid,2021-01-20 08:39:47.599903+00:00,True
9875594526,59.43,paid,2021-01-23 00:36:08.894735+00:00,True
524478562,7.0,paid,2021-01-14 08:23:53.724617+00:00,True
3324748810,91.9,paid,2021-01-19 19:58:06.267046+00:00,True
GHOST_0092,218.86,paid,2021-01-23 09:00:55.589122+00:00,False
1391646082,234.19,paid,2021-01-12 11:30:50.351685+00:00,True
8156026107,44.73,paid,2021-01-14 05:35:47.113914+00:00,True
6257212806,43.62,paid,2021-01-04 09:42:30.549720+00:00,True
729427228,82.41,paid,2021-01-18 20:13:15.264140+00:00,True
2689800585,224.21,paid,2021-01-13 18:39:04.366845+00:00,True
8216746811,125.49,paid,2021-01-23 00:07:00.200689+00:00,True
6212563615,211.53,voided,2021-01-05 10:19:46.481764+00:00,True
4145966325,44.0,paid,2021-01-01 04:54:50.446915+00:00,True
1971813566,93.07,paid,2021-01-20 23:03:17.274679+00:00,True
4894261686,178.04,paid,2021-01-12 06:31:39.623739+00:00,True
3009645205,54.68,paid,2021-01-16 08:00:31.818409+00:00,True
7683131978,140.0,paid,2021-01-24 03:47:54.319861+00:00,True
3014313428,130.99,paid,2021-01-25 02:42:56.656490+00:00,True
7181005350,201.43,paid,2021-01-14 15:00:13.134088+00:00,True
GHOST_0003,69.1,paid,2021-01-15 03:10:28.758557+00:00,False
5394954307,14.0,paid,2021-01-13 14:30:41.244558+00:00,True
GHOST_0099,30.64,paid,2021-01-07 08:49:48.036775+00:00,False
6357508833,23.0,paid,2021-01-06 01:04:08.602755+00:00,True
7461842024,156.47,paid,2021-01-21 15:07:59.030851+00:00,True
4438967696,50.0,paid,2021-01-17 09:21:23.016623+00:00,True
3628356117,109.97,paid,2021-01-16 20:38:06.357126+00:00,True
7714801655,136.59,paid,2021-01-06 12:48:30.952275+00:00,True
2781303112,168.83,paid,2021-01-08 19:22:02.475630+00:00,True
8835034612,229.86,paid,2021-01-12 21:25:01.496858+00:00,True
3537988325,70.37,paid,2021-01-08 22:20:56.601805+00:00,True
535310742,53.54,refunded,2021-01-11 15:39:59.718313+00:00,True
6191666996,78.05,paid,2021-01-25 22:30:00.116674+00:00,True
511406947,83.54,paid,2021-01-22 20:30:41.657920+00:00,True
4181866141,8.0,paid,2021-01-19 20:58:23.497158+00:00,True
6333948097,181.88,paid,2021-01-21 04:25:32.941510+00:00,True
2501373699,17.0,paid,2021-01-25 03:47:43.103539+00:00,True
3394869969,32.0,paid,2021-01-22 12:18:17.037938+00:00,True
1036861764,84.34,voided,2021-01-22 20:39:16.460728+00:00,True
1197294933,8.0,paid,2021-01-07 02:00:03.602706+00:00,True
1636706795,170.84,paid,2021-01-12 11:28:11.949054+00:00,True
1927808035,234.96,paid,2021-01-06 05:46:17.673520+00:00,True
GHOST_0022,224.96,paid,2021-01-08 17:04:01.250456+00:00,False
GHOST_0066,232.33,paid,2021-01-25 10:51:55.046783+00:00,False
4155296850,89.54,paid,2021-01-13 13:53:33.706517+00:00,True
GHOST_0054,203.97,paid,2021-01-18 05:53:16.069204+00:00,False
6350132770,165.44,refunded,2021-01-05 05:36:34.478128+00:00,True
9352017436,12.0,paid,2021-01-08 19:40:13.412861+00:00,True
3116933776,44.0,paid,2021-01-19 02:23:41.516459+00:00,True
5019764422,39.37,paid,2021-01-19 13:17:38.867919+00:00,True
1798344642,169.34,paid,2021-01-05 19:47:18.456726+00:00,True
4416108967,204.38,paid,2021-01-20 04:30:06.040418+00:00,True
5014177703,172.51,paid,2021-01-21 22:46:13.701600+00:00,True
329412590,136.98,paid,2021-01-21 06:46:58.958540+00:00,True
3900385248,119.01,paid,2021-01-03 22:24:42.465337+00:00,True
1034112530,92.5,paid,2021-01-03 19:58:41.759363+00:00,True
GHOST_0141,198.06,paid,2021-01-10 07:39:55.297546+00:00,False
5368378013,25.89,voided,2021-01-04 04:11:26.809505+00:00,True
8859568554,16.0,paid,2021-01-27 14:30:52.453535+00:00,True
GHOST_0050,133.99,paid,2021-01-22 23:14:15.513065+00:00,False
GHOST_0056,188.66,paid,2021-01-19 22:00:27.134031+00:00,False
9387255261,20.0,paid,2021-01-23 10:00:02.023291+00:00,True
9957783336,158.55,paid,2021-01-11 19:22:59.194286+00:00,True
2942981362,213.82,paid,2021-01-01 17:13:39.759781+00:00,True
4461053728,44.0,paid,2021-01-23 14:29:19.212105+00:00,True
9422577976,90.6,paid,2021-01-25 12:15:54.321428+00:00,True
GHOST_0101,49.35,paid,2021-01-09 08:32:08.325436+00:00,False
1551688393,28.0,paid,2021-01-22 15:06:11.296582+00:00,True
2087527300,137.23,paid,2021-01-11 06:21:18.809081+00:00,True
2923390242,114.05,paid,2021-01-22 22:44:00.063092+00:00,True
9818645614,205.3,paid,2021-01-05 06:39:08.462400+00:00,True
2659528811,27.86,paid,2021-01-05 17:39:03.603900+00:00,True
7415644027,200.24,paid,2021-01-21 16:10:33.346869+00:00,True
3027552538,44.61,paid,2021-01-18 01:25:53.057085+00:00,True
1671328700,106.65,paid,2021-01-06 05:35:21.873845+00:00,True
7924063768,90.0,paid,2021-01-19 21:22:59.415528+00:00,True
4196395353,12.0,paid,2021-01-14 16:04:28.628799+00:00,True
1345081901,36.0,paid,2021-01-10 01:02:47.760548+00:00,True
7917924394,92.0,paid,2021-01-10 09:33:55.936474+00:00,True
3243380826,114.63,paid,2021-01-22 00:13:05.122072+00:00,True
8058034514,62.16,paid,2021-01-11 20:25:08.357619+00:00,True
3868235778,44.0,paid,2021-01-08 12:09:29.907145+00:00,True
6692504879,104.0,paid,2021-01-21 21:34:08.121183+00:00,True
1332390292,85.7,paid,2021-01-22 22:42:06.590446+00:00,True
7150931070,121.21,paid,2021-01-21 06:49:31.585371+00:00,True
5644514431,152.47,paid,2021-01-05 13:26:42.749632+00:00,True
GHOST_0086,218.92,paid,2021-01-06 18:09:33.609479+00:00,False
2683238987,24.0,paid,2021-01-05 05:08:29.425331+00:00,True
GHOST_0018,248.21,paid,2021-01-23 00:45:48.894735+00:00,False
6737995895,87.69,paid,2021-01-01 04:38:36.173717+00:00,True
GHOST_0055,183.12,paid,2021-01-03 23:08:54.465337+00:00,False
4280785450,208.13,paid,2021-01-12 23:23:14.087585+00:00,True
9880639590,69.14,paid,2021-01-16 04:14:32.886863+00:00,True
5884655377,139.91,paid,2021-01-23 00:02:49.447808+00:00,True
9221535986,44.0,paid,2021-01-21 12:29:11.443203+00:00,True
4603280606,101.47,paid,2021-01-22 01:15:29.858005+00:00,True
924529089,18.0,paid,2021-01-13 05:37:04.813505+00:00,True
7288147726,179.83,paid,2021-01-20 00:10:33.190187+00:00,True
7850539664,40.46,paid,2021-01-18 05:26:19.069204+00:00,True
GHOST_0006,102.17,paid,2021-01-05 05:13:51.325753+00:00,False
9416009592,26.56,paid,2021-01-09 07:33:14.249446+00:00,True
1176501244,132.91,paid,2021-01-22 14:13:32.464640+00:00,True
9880060577,195.24,paid,2021-01-25 00:10:54.260663+00:00,True
9433880566,33.0,paid,2021-01-29 23:56:04.916634+00:00,True
331124337,117.05,paid,2021-01-12 14:08:03.835576+00:00,True
4791716192,44.0,paid,2021-01-13 17:32:58.289719+00:00,True
6542146188,29.51,paid,2021-01-01 04:58:48.799172+00:00,True
4877457468,52.74,paid,2021-01-19 15:06:16.904539+00:00,True
4728261811,212.45,paid,2021-01-20 21:54:07.033494+00:00,True
1162441252,38.0,paid,2021-01-26 03:32:50.834836+00:00,True
3814804865,235.16,paid,2021-01-10 13:02:55.170451+00:00,True
6295151126,36.0,paid,2021-01-13 08:17:28.036213+00:00,True
6132334268,215.93,paid,2021-01-21 18:48:00.769368+00:00,True
GHOST_0060,108.43,paid,2021-01-25 20:22:29.171949+00:00,False
9445653801,210.94,paid,2021-01-14 12:18:21.905747+00:00,True
4170657813,12.0,paid,2021-01-15 22:50:53.747725+00:00,True
1199516774,48.0,paid,2021-01-29 11:27:25.170165+00:00,True
8139735564,144.0,paid,2021-01-26 01:47:09.703096+00:00,True
5934985703,80.0,paid,2021-01-21 13:09:35.003178+00:00,True
6261183216,197.61,paid,2021-01-14 03:58:47.986665+00:00,True
5223149348,210.64,paid,2021-01-20 08:52:21.298043+00:00,True
3492682177,165.6,paid,2021-01-22 01:35:23.692594+00:00,True
9974289227,70.8,paid,2021-01-25 19:32:08.534523+00:00,True
9683102593,47.14,paid,2021-01-24 14:54:10.151348+00:00,True
1560292731,124.18,paid,2021-01-14 09:11:08.942550+00:00,True
782437652,20.0,paid,2021-01-22 08:26:39.291012+00:00,True
3247692785,198.76,refunded,2021-01-20 03:10:50.327276+00:00,True
9942717540,221.89,paid,2021-01-25 22:33:33.855601+00:00,True
GHOST_0058,44.08,paid,2021-01-22 19:50:58.375153+00:00,False
GHOST_0031,235.15,paid,2021-01-11 21:17:39.944244+00:00,False
GHOST_0085,157.41,paid,2021-01-22 23:21:28.830738+00:00,False
5096397892,74.14,paid,2021-01-06 05:49:48.684932+00:00,True
107327479,144.06,paid,2021-01-20 03:38:11.446540+00:00,True
2292063223,214.69,paid,2021-01-04 13:21:15.707034+00:00,True
9437580169,68.0,paid,2021-01-07 14:14:13.010698+00:00,True
617369583,193.02,paid,2021-01-15 13:43:38.531208+00:00,True
2588023335,32.6,paid,2021-01-02 19:24:04.474806+00:00,True
3787073366,13.0,paid,2021-01-05 22:00:33.486392+00:00,True
9314866619,16.0,paid,2021-01-30 21:38:47.344716+00:00,True
2919525387,155.62,paid,2021-01-04 04:33:46.319343+00:00,True
132370011,182.91,paid,2021-01-14 14:25:50.710364+00:00,True
7408195381,212.32,paid,2021-01-24 02:48:36.177254+00:00,True
6003853781,92.0,paid,2021-01-14 00:26:46.775195+00:00,True
7214819096,181.26,paid,2021-01-14 04:27:56.164969+00:00,True
5421534525,236.93,paid,2021-01-15 19:06:56.625765+00:00,True
1631848762,44.0,paid,2021-01-15 06:48:38.840500+00:00,True
GHOST_0083,69.67,paid,2021-01-23 01:48:50.679312+00:00,False
4384094578,183.23,paid,2021-01-13 08:45:04.806537+00:00,True
7485447251,89.0,paid,2021-01-18 07:51:27.761312+00:00,True
5094297791,248.52,paid,2021-01-22 22:55:40.759324+00:00,True
982407412,38.0,paid,2021-01-22 03:33:03.830396+00:00,True
245658449,174.13,paid,2021-01-21 15:26:52.426543+00:00,True
GHOST_0002,230.26,paid,2021-01-21 01:57:56.010213+00:00,False
5609082414,48.0,paid,2021-01-22 22:49:42.449184+00:00,True
2821207404,125.31,paid,2021-01-11 12:22:47.605187+00:00,True
3462900477,98.0,paid,2021-01-26 07:39:57.936021+00:00,True
GHOST_0128,102.8,paid,2021-01-20 16:19:57.140130+00:00,False
6788993623,60.0,paid,2021-01-15 16:52:59.329954+00:00,True
497268824,79.07,paid,2021-01-20 04:49:55.506709+00:00,True
3825833769,208.5,paid,2021-01-15 19:45:25.509011+00:00,True
2847456544,24.0,paid,2021-01-05 13:35:04.009265+00:00,True
8718942647,96.0,paid,2021-01-20 00:58:49.286508+00:00,True
7548878670,10.0,paid,2021-01-23 05:13:20.803336+00:00,True
3625289612,94.0,refunded,2021-01-06 06:06:25.495363+00:00,True
5313742573,192.85,paid,2021-01-22 04:38:10.582687+00:00,True
4943393507,81.0,paid,2021-01-12 03:48:05.165975+00:00,True
9432735824,195.06,paid,2021-01-20 10:11:01.704597+00:00,True
3009191626,233.04,paid,2021-01-22 02:33:38.526496+00:00,True
1506776176,125.09,paid,2021-01-19 07:42:17.050013+00:00,True
6344518971,34.23,paid,2021-01-21 02:00:12.346431+00:00,True
GHOST_0103,87.93,paid,2021-01-01 14:29:19.233373+00:00,False
9227161173,39.9,paid,2021-01-22 20:19:19.664917+00:00,True
2046053571,141.78,paid,2021-01-19 21:44:07.134031+00:00,True
9298972701,158.14,paid,2021-01-15 22:50:44.185719+00:00,True
5809677869,50.67,paid,2021-01-19 17:18:09.419881+00:00,True
GHOST_0077,124.83,paid,2021-01-11 21:16:25.944244+00:00,False
3276357245,75.09,paid,2021-01-20 10:15:57.611060+00:00,True
270636524,156.83,paid,2021-01-21 00:00:49.770274+00:00,True
4235898666,29.77,paid,2021-01-15 09:44:59.484685+00:00,True
3888478875,201.57,paid,2021-01-09 11:13:12.784273+00:00,True
7566669436,163.92,paid,2021-01-19 11:36:38.546857+00:00,True
3200470712,44.0,paid,2021-01-13 09:19:51.705908+00:00,True
9647378893,95.66,paid,2021-01-06 17:56:29.844952+00:00,True
1162201686,94.86,paid,2021-01-14 14:58:21.268727+00:00,True
7211093640,94.19,refunded,2021-01-20 17:17:45.317059+00:00,True
5573529927,25.0,paid,2021-01-19 23:31:56.531384+00:00,True
4567343669,118.93,paid,2021-01-19 18:59:41.549850+00:00,True
1998152239,100.0,paid,2021-01-13 00:45:19.994776+00:00,True
3027552538,148.3,paid,2021-01-18 01:10:48.764838+00:00,True
5586044603,187.22,paid,2021-01-12 06:35:57.081009+00:00,True
2040312823,69.0,paid,2021-01-17 23:35:40.240500+00:00,True
7709862740,75.55,paid,2021-01-20 05:26:50.742410+00:00,True
2087940189,16.0,paid,2021-01-25 21:13:30.673468+00:00,True
4070754043,215.83,paid,2021-01-07 06:32:50.353366+00:00,True
752369086,202.42,paid,2021-01-14 06:22:00.437375+00:00,True
478240433,22.0,paid,2021-01-25 07:45:15.430420+00:00,True
5065853430,143.24,paid,2021-01-13 21:01:47.308866+00:00,True
8886285089,107.18,paid,2021-01-21 05:05:28.158287+00:00,True
6914407968,154.0,paid,2021-01-21 01:18:05.010213+00:00,True
3408375107,42.0,paid,2021-01-03 16:40:02.388034+00:00,True
2273306842,72.0,paid,2021-01-08 16:54:53.250456+00:00,True
4961072507,48.0,paid,2021-01-12 20:33:59.541517+00:00,True
3551271638,69.78,paid,2021-01-22 14:08:52.900736+00:00,True
GHOST_0137,245.2,paid,2021-01-03 19:35:44.876201+00:00,False
4037175730,93.46,paid,2021-01-15 20:49:01.384515+00:00,True
2349842352,24.0,paid,2021-01-15 17:49:46.490253+00:00,True
7856477484,214.25,paid,2021-01-21 19:49:16.273627+00:00,True
GHOST_0087,156.73,paid,2021-01-13 19:12:43.070380+00:00,False
2483123861,161.46,paid,2021-01-05 18:23:30.067917+00:00,True
3778572544,144.51,paid,2021-01-20 23:58:05.741834+00:00,True
GHOST_0007,210.0,paid,2021-01-21 23:05:29.701600+00:00,False
8887858871,83.77,paid,2021-01-12 13:25:44.627145+00:00,True
8445099076,228.73,paid,2021-01-29 05:28:45.149217+00:00,True
5386105068,220.87,paid,2021-01-20 02:00:36.918539+00:00,True
8928606721,96.0,paid,2021-01-11 16:15:54.895735+00:00,True
8949333,11.0,paid,2021-01-12 11:26:31.564580+00:00,True
647655180,31.74,paid,2021-01-15 15:02:04.938050+00:00,True
192795406,44.0,paid,2021-01-20 04:15:11.031369+00:00,True
2159798150,182.0,paid,2021-01-25 21:34:32.987823+00:00,True
4941109892,167.11,paid,2021-01-21 17:18:41.370815+00:00,True
GHOST_0089,102.93,paid,2021-01-23 02:30:22.679312+00:00,False
1392637557,97.44,paid,2021-01-12 20:28:28.253515+00:00,True
9957255508,165.79,paid,2021-01-21 10:07:31.233433+00:00,True
3965111086,32.0,paid,2021-01-17 12:23:32.431046+00:00,True
2847456544,24.0,paid,2021-01-05 13:36:23.115024+00:00,True
1667189079,88.34,paid,2021-01-06 10:15:14.484099+00:00,True
5815235392,126.47,voided,2021-01-03 16:08:46.496852+00:00,True
4474537697,63.05,paid,2021-01-22 07:30:46.702955+00:00,True
9423717293,157.39,paid,2021-01-12 23:15:06.238114+00:00,True
9630141287,217.2,paid,2021-01-11 02:47:30.119947+00:00,True
5135166254,103.06,voided,2021-01-24 00:43:26.600363+00:00,True
6703405147,118.31,paid,2021-01-22 08:11:13.564713+00:00,True
7891721670,119.61,paid,2021-01-20 22:30:01.472422+00:00,True
1760361152,179.58,paid,2021-01-05 04:25:01.325753+00:00,True
3863050117,24.0,paid,2021-01-06 13:23:28.355823+00:00,True
5286594908,146.69,paid,2021-01-20 05:44:10.025024+00:00,True
1546887661,20.0,paid,2021-01-05 04:20:36.086195+00:00,True
1036593171,168.0,paid,2021-01-27 04:25:21.123879+00:00,True
6923218188,199.67,paid,2021-01-20 13:57:30.650751+00:00,True
4383681275,130.35,paid,2021-01-20 05:05:57.608318+00:00,True
8788660449,212.37,paid,2021-01-21 09:32:37.127461+00:00,True
6874319684,20.0,paid,2021-01-20 18:47:49.682218+00:00,True
8088015522,22.0,paid,2021-01-19 20:45:40.845615+00:00,True
3600731410,12.0,paid,2021-01-14 15:59:43.666236+00:00,True
8695549122,77.0,paid,2021-01-01 19:21:56.886917+00:00,True
2713492860,69.0,paid,2021-01-14 12:51:00.706805+00:00,True
688171546,44.0,paid,2021-01-20 13:40:01.837392+00:00,True
5610307054,189.4,paid,2021-01-06 22:31:45.517010+00:00,True
8696920858,88.76,paid,2021-01-06 19:08:35.665021+00:00,True
8625257153,48.0,paid,2021-01-14 00:14:39.973872+00:00,True
3058433245,26.98,paid,2021-01-19 17:36:30.282803+00:00,True
6317607491,44.0,paid,2021-01-14 01:21:24.209522+00:00,True
2191501790,84.0,paid,2021-01-23 05:31:20.595136+00:00,True
GHOST_0113,27.54,paid,2021-01-16 14:23:30.577671+00:00,False
3351772341,200.49,paid,2021-01-13 04:10:57.922109+00:00,True
9898236403,54.54,paid,2021-01-12 14:06:27.718025+00:00,True
1354911019,166.53,paid,2021-01-20 08:14:42.349252+00:00,True
5874560736,246.62,paid,2021-01-23 13:06:06.856727+00:00,True
5139983467,85.14,paid,2021-01-20 18:21:01.840109+00:00,True
5276482111,84.0,paid,2021-01-20 05:01:50.452193+00:00,True
GHOST_0059,232.98,paid,2021-01-21 20:16:05.273627+00:00,False
2290771091,151.93,paid,2021-01-22 22:43:45.830738+00:00,True
9521543289,37.0,paid,2021-01-07 16:08:47.924489+00:00,True
GHOST_0034,210.31,paid,2021-01-25 21:35:12.673468+00:00,False
3176469473,144.74,paid,2021-01-12 20:23:28.108196+00:00,True
7907276915,161.42,paid,2021-01-17 21:31:46.632071+00:00,True
636956395,99.5,paid,2021-01-13 05:08:48.927139+00:00,True
9338264612,131.51,paid,2021-01-16 03:09:46.533784+00:00,True
3854722217,20.0,paid,2021-01-01 03:30:42.052499+00:00,True
1199588814,89.0,paid,2021-01-19 16:15:55.731076+00:00,True
8336569678,143.54,paid,2021-01-10 11:15:04.870077+00:00,True
1754027487,48.64,paid,2021-01-22 22:34:02.385010+00:00,True
5235745583,48.0,paid,2021-01-05 18:31:06.802472+00:00,True
GHOST_0155,101.1,paid,2021-01-21 18:32:00.232781+00:00,False
5546472244,35.82,paid,2021-01-27 20:47:18.508663+00:00,True
2190237209,244.81,paid,2021-01-22 22:06:57.455045+00:00,True
9659606868,100.56,paid,2021-01-12 16:32:17.585167+00:00,True
3609294095,32.0,paid,2021-01-15 15:22:04.247163+00:00,True
4119452554,26.45,paid,2021-01-11 23:54:23.447871+00:00,True
252525656,72.78,paid,2021-01-24 21:22:10.628782+00:00,True
8182501557,13.0,paid,2021-01-18 06:17:21.941575+00:00,True
9473468685,40.0,paid,2021-01-20 23:40:08.225989+00:00,True
9881246273,122.88,paid,2021-01-11 13:10:06.550294+00:00,True
GHOST_0039,61.16,paid,2021-01-20 04:11:40.311640+00:00,False
9871376283,234.63,paid,2021-01-20 08:02:04.902659+00:00,True
6192298319,92.57,paid,2021-01-16 14:54:02.165748+00:00,True
2522935178,130.51,paid,2021-01-27 22:53:18.596426+00:00,True
2099830827,41.45,paid,2021-01-09 15:42:52.785180+00:00,True
GHOST_0123,70.64,paid,2021-01-18 00:05:18.553616+00:00,False
GHOST_0117,89.73,paid,2021-01-07 09:07:19.036775+00:00,False
9318434495,34.0,voided,2021-01-18 16:20:24.814156+00:00,True
7153964510,201.33,paid,2021-01-20 19:36:35.754010+00:00,True
742134906,239.74,paid,2021-01-22 04:21:16.391819+00:00,True
GHOST_0093,121.67,paid,2021-01-14 23:08:36.320348+00:00,False
4675563206,53.66,paid,2021-01-20 09:30:17.209779+00:00,True
6847696673,84.33,paid,2021-01-01 16:48:30.263161+00:00,True
5612457081,132.78,paid,2021-01-08 16:43:39.674143+00:00,True
9358222719,188.81,paid,2021-01-14 13:18:49.312037+00:00,True
2231635776,84.0,voided,2021-01-21 07:15:13.355260+00:00,True
7135087482,194.37,paid,2021-01-11 05:42:21.802004+00:00,True
5900022807,134.09,paid,2021-01-14 09:48:40.301471+00:00,True
9874296040,43.38,paid,2021-01-20 14:51:30.879922+00:00,True
4040031790,13.0,paid,2021-01-19 04:27:00.963071+00:00,True
GHOST_0005,145.39,paid,2021-01-24 23:17:34.674777+00:00,False
7342231807,117.12,refunded,2021-01-19 12:16:24.813492+00:00,True
2287151824,84.92,paid,2021-01-24 16:27:22.521063+00:00,True
609939712,92.0,paid,2021-01-20 11:34:35.042998+00:00,True
GHOST_0004,23.79,paid,2021-01-15 17:12:22.342519+00:00,False
3474189218,110.06,paid,2021-01-25 08:28:10.707281+00:00,True
GHOST_0122,57.65,paid,2021-01-21 01:47:16.010213+00:00,False
9206606636,249.51,paid,2021-01-21 07:43:55.877103+00:00,True
2325172527,106.55,refunded,2021-01-20 20:30:22.235236+00:00,True
5396479168,12.0,paid,2021-01-21 14:07:48.982110+00:00,True
GHOST_0069,163.98,paid,2021-01-17 22:04:34.632071+00:00,False
4836975156,22.0,paid,2021-01-24 16:08:53.176901+00:00,True
6263469986,8.0,paid,2021-01-23 07:20:05.976105+00:00,True
9151123087,51.0,paid,2021-01-08 14:19:46.909829+00:00,True
283441132,199.49,paid,2021-01-11 23:37:23.005458+00:00,True
GHOST_0026,170.49,paid,2021-01-15 08:57:24.957481+00:00,False
6900789985,44.0,paid,2021-01-25 10:41:42.498453+00:00,True
5967125240,172.43,paid,2021-01-11 07:23:01.122635+00:00,True
6315996685,95.66,paid,2021-01-25 23:22:33.784421+00:00,True
6841135978,8.0,paid,2021-01-05 12:32:04.652371+00:00,True
6294098065,6.0,paid,2021-01-08 04:19:17.409819+00:00,True
1159311346,24.0,paid,2021-01-13 14:16:37.270747+00:00,True
8953879795,53.96,paid,2021-01-20 23:39:50.772433+00:00,True
7010333282,69.0,paid,2021-01-16 05:59:21.443313+00:00,True
9375832005,86.0,paid,2021-01-21 18:17:23.232781+00:00,True
2606036527,216.12,paid,2021-01-26 01:52:52.656278+00:00,True
2988139338,92.0,paid,2021-01-04 13:19:21.980946+00:00,True
9373110341,144.0,paid,2021-01-18 20:28:45.587471+00:00,True
948433917,112.0,paid,2021-01-07 18:07:22.520555+00:00,True
3515134575,150.31,paid,2021-01-21 08:45:26.690874+00:00,True
4932824228,12.0,paid,2021-01-14 16:41:44.390226+00:00,True
1169489727,245.34,paid,2021-01-16 10:07:49.873635+00:00,True
4142507300,116.13,paid,2021-01-20 10:41:30.342119+00:00,True
4203468655,55.0,refunded,2021-01-22 22:54:44.089285+00:00,True
7560854477,108.0,paid,2021-01-20 09:19:24.922040+00:00,True
2928669194,221.07,paid,2021-01-26 02:49:44.357638+00:00,True
8729645226,35.0,paid,2021-01-25 18:35:43.744948+00:00,True
9938479241,171.77,paid,2021-01-01 05:57:11.021197+00:00,True
6403257301,102.74,paid,2021-01-15 13:46:53.687663+00:00,True
7983356273,101.65,paid,2021-01-15 07:41:27.225537+00:00,True
7166926818,149.41,paid,2021-01-14 05:28:23.329745+00:00,True
9021801516,186.55,paid,2021-01-24 15:36:47.820796+00:00,True
5264860321,168.47,paid,2021-01-21 00:19:15.706936+00:00,True
GHOST_0111,28.02,paid,2021-01-22 22:39:53.052001+00:00,False
6745358955,240.67,paid,2021-01-21 01:53:04.932184+00:00,True
GHOST_0121,25.22,paid,2021-01-21 13:26:08.003178+00:00,False
1540197375,72.0,paid,2021-01-19 18:54:10.742020+00:00,True
8068887879,43.35,paid,2021-01-09 21:46:16.548064+00:00,True
9963710857,31.0,paid,2021-01-07 04:41:48.019263+00:00,True
GHOST_0109,42.14,paid,2021-01-22 02:55:06.059314+00:00,False
GHOST_0076,204.02,paid,2021-01-13 09:00:38.036213+00:00,False
241277339,137.46,paid,2021-01-25 04:10:05.727680+00:00,True
GHOST_0088,111.95,paid,2021-01-22 21:30:14.622325+00:00,False
4636469283,233.56,paid,2021-01-06 08:07:35.000903+00:00,True
GHOST_0126,112.82,paid,2021-01-05 14:32:39.115024+00:00,False
5427885245,114.84,paid,2021-01-09 01:56:42.223688+00:00,True
1010713287,67.72,paid,2021-01-15 08:30:38.957481+00:00,True
5235218746,111.65,paid,2021-01-12 03:42:27.150485+00:00,True
GHOST_0016,25.55,paid,2021-01-19 09:56:13.380880+00:00,False
GHOST_0079,19.19,paid,2021-01-21 09:03:57.690874+00:00,False
5530062598,136.72,paid,2021-01-05 18:45:42.112996+00:00,True
3872109131,33.29,paid,2021-01-13 06:03:57.683785+00:00,True
6950053920,171.66,paid,2021-01-07 03:24:23.281624+00:00,True
7765456782,44.12,paid,2021-01-13 17:47:31.828248+00:00,True
7522632702,88.0,paid,2021-01-20 21:23:08.847088+00:00,True
7078540587,42.0,paid,2021-01-14 10:19:21.226662+00:00,True
8959710562,240.96,paid,2021-01-08 16:33:56.136105+00:00,True
2938827723,120.45,paid,2021-01-20 15:45:39.140130+00:00,True
703129572,190.66,paid,2021-01-25 13:17:54.084165+00:00,True
2794392060,180.21,paid,2021-01-22 22:51:25.384523+00:00,True
5027596371,276.0,paid,2021-01-07 20:19:14.727559+00:00,True
5267945608,152.97,paid,2021-01-20 06:37:26.986513+00:00,True
9321316271,153.33,paid,2021-01-23 13:07:15.560219+00:00,True
1326868279,60.0,paid,2021-01-08 18:08:23.948422+00:00,True
8895830668,14.0,paid,2021-01-03 18:43:44.086280+00:00,True
5538397594,97.47,paid,2021-01-21 23:17:27.915518+00:00,True
8506939996,157.23,paid,2021-01-10 07:18:06.297546+00:00,True
4203422544,171.76,paid,2021-01-22 19:00:00.041759+00:00,True
GHOST_0078,199.42,paid,2021-01-20 20:20:01.349756+00:00,False
5959603139,187.75,paid,2021-01-17 13:32:34.697807+00:00,True
3772823509,41.0,paid,2021-01-24 18:28:47.528301+00:00,True
9178072777,44.0,paid,2021-01-09 10:40:59.299184+00:00,True
9309060358,96.0,paid,2021-01-20 03:20:55.764987+00:00,True
134498529,44.0,paid,2021-01-08 13:43:04.004209+00:00,True
3727561211,240.68,paid,2021-01-09 19:47:39.461374+00:00,True
5860078581,194.15,paid,2021-01-01 14:11:20.233373+00:00,True
GHOST_0104,48.81,paid,2021-01-22 15:50:44.096505+00:00,False
4501934793,16.0,paid,2021-01-27 01:28:24.523317+00:00,True
9776783551,90.0,paid,2021-01-22 04:52:17.766646+00:00,True
6512079677,42.0,paid,2021-01-20 02:18:50.388475+00:00,True
429368158,24.0,paid,2021-01-05 05:03:23.663049+00:00,True
1969562639,90.11,paid,2021-01-23 01:43:10.679312+00:00,True
8198378524,135.66,refunded,2021-01-21 13:18:48.473202+00:00,True
1864850259,35.84,paid,2021-01-12 23:49:54.856866+00:00,True
2331347520,162.26,paid,2021-01-08 01:46:34.688061+00:00,True
GHOST_0023,136.93,paid,2021-01-25 06:05:15.383390+00:00,False
3739502789,87.48,paid,2021-01-12 14:04:39.801613+00:00,True
6711207126,57.76,paid,2021-01-11 00:03:56.330538+00:00,True
1999927370,122.92,paid,2021-01-11 20:36:09.956209+00:00,True
GHOST_0080,40.65,paid,2021-01-25 22:38:59.632760+00:00,False
2804391906,16.0,paid,2021-01-07 22:35:09.486264+00:00,True
GHOST_0156,91.96,paid,2021-01-06 15:38:23.382907+00:00,False
1002355819,211.15,paid,2021-01-20 08:53:04.729126+00:00,True
7284641104,198.6,paid,2021-01-22 06:37:54.258037+00:00,True
3980232108,91.42,paid,2021-01-16 06:11:34.398165+00:00,True
8236383212,116.69,paid,2021-01-09 00:48:18.328298+00:00,True
6980204056,46.0,refunded,2021-01-04 09:57:07.762125+00:00,True
7622668215,52.03,paid,2021-01-22 04:34:24.682926+00:00,True
4626168744,44.0,paid,2021-01-06 05:44:36.039851+00:00,True
5054562173,165.18,paid,2021-01-22 15:13:42.948972+00:00,True
1170135247,127.4,paid,2021-01-05 10:49:59.727684+00:00,True
GHOST_0013,75.15,paid,2021-01-22 14:00:19.310463+00:00,False
GHOST_0150,47.85,paid,2021-01-24 01:33:29.491283+00:00,False
2111356310,200.03,paid,2021-01-21 13:15:07.789075+00:00,True
2197604661,82.18,paid,2021-01-19 19:34:52.263576+00:00,True
2122123283,100.01,paid,2021-01-19 19:22:31.924267+00:00,True
GHOST_0043,132.67,paid,2021-01-14 12:12:51.355651+00:00,False
8819089634,81.07,paid,2021-01-17 22:07:21.319447+00:00,True
4256792636,7.0,paid,2021-01-02 20:18:39.079970+00:00,True
GHOST_0118,133.56,paid,2021-01-11 17:02:51.895735+00:00,False
9835534247,44.0,paid,2021-01-20 04:12:27.505867+00:00,True
9094747873,124.72,paid,2021-01-21 23:20:08.340536+00:00,True
9523978626,224.56,paid,2021-01-27 18:47:52.921586+00:00,True
1711778669,196.41,paid,2021-01-23 03:28:04.834188+00:00,True
GHOST_0114,153.92,paid,2021-01-19 18:34:00.282803+00:00,False
9609702319,20.0,paid,2021-01-14 01:31:39.938179+00:00,True
3921571837,120.51,paid,2021-01-04 18:43:50.106001+00:00,True
6790402898,52.0,paid,2021-01-15 18:15:43.592488+00:00,True
6059805919,38.68,paid,2021-01-20 12:52:55.596830+00:00,True
GHOST_0106,53.9,paid,2021-01-22 22:57:03.052001+00:00,False
1530073986,32.0,paid,2021-01-22 15:29:08.805728+00:00,True
GHOST_0112,56.04,paid,2021-01-20 04:22:40.058311+00:00,False
3490648793,234.76,paid,2021-01-12 06:47:19.030766+00:00,True
5783839239,140.75,paid,2021-01-21 06:02:30.693994+00:00,True
9523156625,16.0,paid,2021-01-24 08:18:22.087263+00:00,True
7086607989,38.0,paid,2021-01-18 21:46:37.340454+00:00,True
9153817954,80.0,paid,2021-01-15 09:04:46.918030+00:00,True
4496502210,80.56,paid,2021-01-09 13:28:05.092510+00:00,True
2349823550,213.6,paid,2021-01-02 20:30:01.551368+00:00,True
4677462826,42.24,paid,2021-01-20 06:09:06.423808+00:00,True
5389363725,137.87,paid,2021-01-23 00:39:23.036496+00:00,True
748193825,97.44,paid,2021-01-05 07:10:14.328248+00:00,True
4415203693,184.62,paid,2021-01-12 15:43:57.362067+00:00,True
GHOST_0068,145.47,paid,2021-01-05 19:20:27.112996+00:00,False
1150956754,91.49,paid,2021-01-13 13:12:19.436070+00:00,True
GHOST_0072,113.49,paid,2021-01-16 17:10:26.560962+00:00,False
7598824121,213.18,paid,2021-01-15 20:23:42.492118+00:00,True
4246496096,120.26,paid,2021-01-22 09:04:07.529021+00:00,True
GHOST_0158,176.15,paid,2021-01-19 14:50:52.732303+00:00,False
GHOST_0124,73.61,paid,2021-01-24 17:28:19.663034+00:00,False
4017156989,233.28,paid,2021-01-25 06:05:02.161514+00:00,True
GHOST_0001,40.32,paid,2021-01-22 21:36:21.201065+00:00,False
546573381,24.0,paid,2021-01-19 14:07:15.732303+00:00,True
3739786191,88.23,paid,2021-01-15 19:50:26.614850+00:00,True
2472533525,76.0,paid,2021-01-25 20:02:38.997635+00:00,True
GHOST_0020,190.92,paid,2021-01-18 16:06:29.773523+00:00,False
851027023,44.0,paid,2021-01-15 13:55:21.591133+00:00,True
1117911815,12.0,paid,2021-01-16 16:22:09.657696+00:00,True
9220829238,48.0,paid,2021-01-05 23:46:28.329169+00:00,True
GHOST_0064,239.57,paid,2021-01-15 23:02:52.185719+00:00,False
4606548006,132.51,paid,2021-01-20 22:00:59.811543+00:00,True
1766438320,47.0,paid,2021-01-21 02:16:19.128884+00:00,True
4641928091,231.77,paid,2021-01-06 14:58:50.382907+00:00,True
4060707500,14.0,paid,2021-01-16 05:16:05.224586+00:00,True
7458447242,74.38,paid,2021-01-06 09:19:34.721206+00:00,True
GHOST_0107,81.91,paid,2021-01-21 13:45:37.473202+00:00,False
GHOST_0049,43.63,paid,2021-01-22 22:57:54.590446+00:00,False
8181295067,215.71,paid,2021-01-22 22:54:44.677775+00:00,True
GHOST_0046,68.97,paid,2021-01-16 15:52:06.094248+00:00,False
6542146188,225.68,paid,2021-01-01 04:56:13.176837+00:00,True
2817591577,84.11,paid,2021-01-15 02:45:55.758557+00:00,True
586969988,97.02,paid,2021-01-23 06:03:10.875274+00:00,True
9474933943,157.3,paid,2021-01-04 16:55:14.985407+00:00,True
2285114821,206.4,paid,2021-01-08 09:21:51.829349+00:00,True
2916999749,112.84,paid,2021-01-16 00:46:26.186858+00:00,True
7915408905,124.74,paid,2021-01-25 09:11:32.958419+00:00,True
4096587955,48.0,paid,2021-01-17 22:31:59.111629+00:00,True
4485838257,214.52,paid,2021-01-20 18:50:32.553144+00:00,True
GHOST_0065,82.31,paid,2021-01-13 18:16:15.289719+00:00,False
GHOST_0139,198.18,paid,2021-01-15 21:06:05.384515+00:00,False
2285962801,213.96,paid,2021-01-23 00:34:30.125795+00:00,True
584719410,219.58,paid,2021-01-22 05:42:32.871176+00:00,True
2575822764,70.83,paid,2021-01-12 14:02:18.835003+00:00,True
5974818329,116.47,paid,2021-01-14 09:12:20.132231+00:00,True
3742387801,25.92,paid,2021-01-02 13:06:49.229172+00:00,True
3405129238,44.03,paid,2021-01-22 05:40:53.583166+00:00,True
2552095833,230.41,paid,2021-01-14 12:35:15.615645+00:00,True
898503558,35.05,paid,2021-01-25 20:48:03.129122+00:00,True
7103053437,48.0,paid,2021-01-11 20:42:21.269581+00:00,True
9512393168,203.63,paid,2021-01-09 18:29:44.419577+00:00,True
1085341386,194.35,refunded,2021-01-06 08:26:18.061220+00:00,True
2167772905,227.4,paid,2021-01-20 12:23:33.626478+00:00,True
3799653663,158.46,paid,2021-01-02 01:17:43.453311+00:00,True
5900022807,65.25,paid,2021-01-14 09:49:50.922320+00:00,True
401913056,246.45,paid,2021-01-25 01:45:15.120674+00:00,True
GHOST_0044,48.82,paid,2021-01-05 07:52:12.328248+00:00,False
9422281940,181.22,paid,2021-01-24 01:26:59.491283+00:00,True
4298050170,32.0,paid,2021-01-14 14:57:06.374133+00:00,True
1298651805,138.57,paid,2021-01-17 05:21:50.385126+00:00,True
9163217497,70.0,paid,2021-01-30 10:29:50.823251+00:00,True
GHOST_0014,234.97,paid,2021-01-22 06:26:28.659206+00:00,False
8379673473,44.0,paid,2021-01-11 17:44:21.863081+00:00,True
1061106669,168.84,paid,2021-01-22 21:05:18.622325+00:00,True
925838840,106.53,paid,2021-01-06 09:22:34.705565+00:00,True
7810894334,105.27,paid,2021-01-21 14:12:48.364824+00:00,True
863004497,211.25,paid,2021-01-05 17:11:46.687528+00:00,True
3157514146,239.5,paid,2021-01-22 13:44:56.215414+00:00,True
1092309904,107.99,paid,2021-01-13 22:45:40.194538+00:00,True
3345930914,158.61,paid,2021-01-27 13:16:08.008917+00:00,True
5735981646,242.78,paid,2021-01-17 20:21:47.978470+00:00,True
5686885154,68.0,paid,2021-01-08 10:52:38.994749+00:00,True
5776369993,173.25,paid,2021-01-05 06:43:51.104050+00:00,True
GHOST_0148,165.3,paid,2021-01-23 01:08:31.642007+00:00,False
8570058776,186.24,paid,2021-01-20 18:04:26.882352+00:00,True
4794980968,38.0,paid,2021-01-18 01:48:42.428814+00:00,True
300055208,55.0,paid,2021-01-10 04:52:12.527610+00:00,True
3444315146,78.88,paid,2021-01-12 16:55:23.714118+00:00,True
531917930,36.2,paid,2021-01-12 13:02:49.103385+00:00,True
8897888983,32.0,paid,2021-01-19 17:07:56.775829+00:00,True
9981177708,105.49,paid,2021-01-20 09:17:38.811251+00:00,True
8632682180,195.74,paid,2021-01-07 15:34:37.861108+00:00,True
7910715067,155.75,paid,2021-01-30 14:03:38.650485+00:00,True
6986321295,36.0,paid,2021-01-21 00:02:17.289577+00:00,True
5295331022,24.0,paid,2021-01-22 13:51:21.211063+00:00,True
4870043196,209.47,paid,2021-01-22 00:36:51.973588+00:00,True
6670387115,230.62,paid,2021-01-07 08:39:18.036775+00:00,True
5808358290,222.9,refunded,2021-01-07 07:09:25.705456+00:00,True
9670527011,28.0,paid,2021-01-19 23:24:40.413846+00:00,True
5891672214,61.86,paid,2021-01-23 12:34:38.513152+00:00,True
3019900598,154.07,paid,2021-01-05 06:33:52.130990+00:00,True
3260905267,395.0,paid,2021-01-21 05:54:15.165144+00:00,True
7110266619,175.4,paid,2021-01-23 07:33:13.549566+00:00,True
GHOST_0097,206.89,paid,2021-01-21 02:56:58.128884+00:00,False
4167438020,152.14,paid,2021-01-15 09:31:17.233144+00:00,True
802523661,116.44,paid,2021-01-12 20:06:32.254600+00:00,True
903244069,146.3,paid,2021-01-04 22:42:18.222039+00:00,True
5605613586,30.41,paid,2021-01-14 21:05:37.138469+00:00,True
1038511227,37.0,paid,2021-01-10 08:06:09.679252+00:00,True
6749480053,243.13,paid,2021-01-06 17:02:13.686270+00:00,True
GHOST_0015,53.68,paid,2021-01-22 02:05:16.076057+00:00,False
2824315802,227.51,paid,2021-01-26 01:17:18.500971+00:00,True
9697085118,221.57,paid,2021-01-23 08:31:17.589122+00:00,True
6006010177,152.5,paid,2021-01-25 00:03:19.595959+00:00,True
2386732485,65.22,paid,2021-01-12 08:37:06.864615+00:00,True
2441277428,52.0,paid,2021-01-25 07:19:53.919285+00:00,True
2549979,126.73,paid,2021-01-18 23:12:15.486394+00:00,True
8763440065,48.73,paid,2021-01-26 00:18:04.846510+00:00,True
6143865692,18.0,paid,2021-01-13 20:08:18.285884+00:00,True
7617834526,151.64,paid,2021-01-14 06:28:32.844960+00:00,True
3030884071,211.8,paid,2021-01-22 22:12:45.317817+00:00,True
1998619945,55.0,paid,2021-01-14 19:19:04.450648+00:00,True
7961005053,57.92,paid,2021-01-08 10:30:25.174920+00:00,True
5487876660,153.55,paid,2021-01-07 16:54:12.875555+00:00,True
2822216424,30.26,paid,2021-01-26 01:37:06.393097+00:00,True
GHOST_0000,195.63,paid,2021-01-05 22:25:31.927922+00:00,False
1033094742,97.11,paid,2021-01-04 08:15:31.464780+00:00,True
2669334433,152.06,paid,2021-01-14 13:36:37.024164+00:00,True
GHOST_0115,174.97,paid,2021-01-20 03:43:56.493344+00:00,False
9694592358,28.0,paid,2021-01-08 00:10:37.520052+00:00,True
3572946507,223.2,voided,2021-01-19 22:24:55.864568+00:00,True
9715655391,244.74,paid,2021-01-15 11:13:16.387127+00:00,True
2366556274,151.9,paid,2021-01-22 13:14:02.310463+00:00,True
3971138926,229.81,paid,2021-01-14 11:43:09.355651+00:00,True
2073562964,13.0,paid,2021-01-02 03:27:15.030951+00:00,True
7521974472,13.0,paid,2021-01-28 18:43:09.909426+00:00,True
9235339125,149.68,paid,2021-01-26 00:21:48.675868+00:00,True
9065001495,157.97,paid,2021-01-28 05:27:35.100563+00:00,True
5427959922,125.43,voided,2021-01-16 01:04:20.076730+00:00,True
4365499799,179.68,paid,2021-01-20 21:06:58.577639+00:00,True
4880019417,139.56,paid,2021-01-25 00:42:20.918826+00:00,True
9506043463,28.0,paid,2021-01-03 13:37:27.674091+00:00,True
2426550616,51.04,paid,2021-01-09 19:29:19.223131+00:00,True
8026074190,103.32,paid,2021-01-12 00:31:17.276277+00:00,True
GHOST_0008,204.94,paid,2021-01-09 11:23:13.784273+00:00,False
1148578541,69.59,paid,2021-01-23 11:05:34.905586+00:00,True
9949793904,56.09,paid,2021-01-25 01:58:26.305585+00:00,True
GHOST_0041,197.69,paid,2021-01-22 14:06:54.215414+00:00,False
8518913982,170.46,paid,2021-01-08 10:22:42.895792+00:00,True
8978076240,212.59,paid,2021-01-22 16:12:13.409204+00:00,True
3558273849,79.95,paid,2021-01-13 09:10:47.125718+00:00,True
6173273971,69.77,paid,2021-01-21 11:54:46.907212+00:00,True
8387438002,195.59,paid,2021-01-22 22:26:40.983776+00:00,True
9809054869,97.69,paid,2021-01-20 17:49:21.782439+00:00,True
2781137405,176.53,paid,2021-01-25 19:19:41.094381+00:00,True
4651548270,239.14,refunded,2021-01-02 19:52:34.153896+00:00,True
2333118046,139.28,paid,2021-01-07 11:25:34.231088+00:00,True
1969860817,48.0,paid,2021-01-14 13:37:44.410829+00:00,True
3545014224,20.0,paid,2021-01-12 05:19:26.007775+00:00,True
54914425,32.07,paid,2021-01-22 05:02:45.885181+00:00,True
GHOST_0142,46.62,paid,2021-01-12 21:18:02.253515+00:00,False
6754457469,69.0,paid,2021-01-10 18:11:02.842160+00:00,True
8939795375,193.19,paid,2021-01-07 07:12:35.717000+00:00,True
6653343147,75.03,voided,2021-01-22 07:20:54.885735+00:00,True
6502558011,98.0,paid,2021-01-21 08:10:54.043041+00:00,True
1846770842,175.77,paid,2021-01-09 07:44:32.325436+00:00,True
5207848436,81.83,paid,2021-01-13 06:03:17.038744+00:00,True
5944863841,104.76,paid,2021-01-25 08:02:32.465329+00:00,True
1215594908,28.79,paid,2021-01-24 23:49:33.827539+00:00,True
6466248274,132.27,paid,2021-01-26 00:40:23.351148+00:00,True
7614388331,119.34,paid,2021-01-23 00:07:55.461696+00:00,True
7016413786,216.47,refunded,2021-01-23 05:30:30.207802+00:00,True
5499500025,249.01,paid,2021-01-21 00:00:32.727852+00:00,True
7305983198,154.61,refunded,2021-01-15 06:07:39.571322+00:00,True
3688061322,43.65,paid,2021-01-04 00:17:39.205210+00:00,True
GHOST_0094,73.24,paid,2021-01-25 00:23:06.595959+00:00,False
2843658504,181.14,paid,2021-01-08 17:20:24.188733+00:00,True
5135033911,68.93,paid,2021-01-25 16:00:56.407996+00:00,True
6856263233,55.0,paid,2021-01-09 09:52:15.361055+00:00,True
6788347646,94.51,paid,2021-01-02 22:32:48.762957+00:00,True
5170105513,58.26,paid,2021-01-20 06:58:07.898333+00:00,True
6247410008,89.98,paid,2021-01-04 15:03:37.659790+00:00,True
8473651069,28.0,paid,2021-01-10 10:48:23.421447+00:00,True
GHOST_0021,224.34,paid,2021-01-14 10:08:36.132231+00:00,False
5034196052,231.97,paid,2021-01-20 01:12:19.308370+00:00,True
5397646217,116.12,paid,2021-01-23 04:00:24.843411+00:00,True
2388563910,121.84,paid,2021-01-23 18:27:41.124448+00:00,True
2501217929,47.47,paid,2021-01-19 09:56:04.057552+00:00,True
7349333745,204.39,paid,2021-01-13 15:25:57.215542+00:00,True
GHOST_0070,39.89,paid,2021-01-22 22:39:53.497191+00:00,False
2878814978,40.93,paid,2021-01-22 14:55:14.096505+00:00,True
7316135510,43.92,paid,2021-01-11 22:11:43.172507+00:00,True
9181555608,51.68,paid,2021-01-02 15:19:32.102132+00:00,True
7004370396,10.0,paid,2021-01-26 20:23:29.506255+00:00,True
3387154412,17.0,paid,2021-01-18 07:22:15.960206+00:00,True
GHOST_0131,210.86,paid,2021-01-20 22:49:26.811543+00:00,False
4676285918,14.0,refunded,2021-01-15 14:08:56.081469+00:00,True
8551199682,79.0,paid,2021-01-12 21:57:28.880059+00:00,True
8103207185,138.52,paid,2021-01-03 10:20:40.540657+00:00,True
4950284101,16.0,paid,2021-01-22 11:27:08.283943+00:00,True
GHOST_0143,140.98,paid,2021-01-15 09:31:52.233144+00:00,False
2650686464,161.45,paid,2021-01-15 13:55:23.242567+00:00,True
890050672,88.0,paid,2021-01-19 19:35:13.239168+00:00,True
GHOST_0144,135.84,paid,2021-01-29 10:53:21.672581+00:00,False
7161106175,77.69,paid,2021-01-22 10:42:03.977871+00:00,True
GHOST_0032,71.63,paid,2021-01-05 20:25:07.456726+00:00,False
7033145892,154.98,paid,2021-01-24 05:42:44.923033+00:00,True
1555718959,94.26,refunded,2021-01-24 01:21:56.221772+00:00,True
3696590260,12.0,paid,2021-01-10 23:11:19.983387+00:00,True
GHOST_0037,155.85,paid,2021-01-23 14:59:55.416828+00:00,False
GHOST_0047,45.98,paid,2021-01-25 23:19:24.855601+00:00,False
6765339887,59.75,paid,2021-01-20 02:22:10.789632+00:00,True
GHOST_0145,216.53,paid,2021-01-24 18:31:56.032306+00:00,False
GHOST_0011,83.37,paid,2021-01-27 18:54:14.921586+00:00,False
7613681653,227.68,paid,2021-01-20 11:40:22.398777+00:00,True
9608077473,16.0,paid,2021-01-08 18:38:46.846333+00:00,True
750773570,42.0,voided,2021-01-22 09:25:59.308634+00:00,True
GHOST_0075,234.26,paid,2021-01-18 00:05:13.240500+00:00,False
8215082470,35.0,paid,2021-01-08 18:29:06.542105+00:00,True
3396878861,94.84,paid,2021-01-22 22:22:12.052001+00:00,True
GHOST_0042,243.38,paid,2021-01-22 23:38:15.830738+00:00,False
9645045255,62.8,paid,2021-01-08 09:43:42.486408+00:00,True
7042038701,114.25,paid,2021-01-23 19:21:13.023428+00:00,True
2478221720,169.21,paid,2021-01-24 17:46:23.005754+00:00,True
GHOST_0130,38.89,paid,2021-01-20 07:26:31.898333+00:00,False
1950908043,24.0,paid,2021-01-06 00:10:34.513097+00:00,True
1876298751,216.13,paid,2021-01-11 10:38:49.064696+00:00,True
4722153000,237.91,paid,2021-01-23 03:44:37.292880+00:00,True
6959922716,80.0,paid,2021-01-06 06:49:18.218606+00:00,True
9690462388,183.06,voided,2021-01-16 02:22:46.525387+00:00,True
1953654233,49.0,paid,2021-01-16 03:51:22.497033+00:00,True
1334183247,32.0,paid,2021-01-25 06:29:06.757028+00:00,True
5386384455,44.0,paid,2021-01-21 01:56:53.737220+00:00,True
7125824059,92.48,paid,2021-01-26 00:44:25.879923+00:00,True
7969767939,52.85,voided,2021-01-22 19:45:11.375153+00:00,True
3562087857,239.53,paid,2021-01-07 21:34:45.337225+00:00,True
9946612133,59.09,paid,2021-01-04 13:23:43.658385+00:00,True
636096243,32.0,paid,2021-01-08 04:42:34.943709+00:00,True
5550824377,10.0,paid,2021-01-16 09:41:24.099261+00:00,True
GHOST_0151,127.3,paid,2021-01-12 14:05:41.627145+00:00,False
3782647813,178.35,paid,2021-01-11 20:21:13.089260+00:00,True
5356110596,38.41,paid,2021-01-22 00:15:11.775938+00:00,True
GHOST_0033,43.85,paid,2021-01-20 12:11:00.042998+00:00,False
GHOST_0035,51.02,paid,2021-01-05 07:31:26.130990+00:00,False
3447887131,22.0,paid,2021-01-01 18:52:00.715080+00:00,True
8543148668,181.4,paid,2021-01-28 12:02:41.829450+00:00,True
582342950,101.82,paid,2021-01-03 05:20:06.109236+00:00,True
9857459916,219.63,paid,2021-01-18 15:36:26.773523+00:00,True
5135529026,52.0,paid,2021-01-22 16:00:18.914881+00:00,True
5750154939,139.14,paid,2021-01-12 22:01:46.973720+00:00,True
1793796616,92.0,paid,2021-01-13 05:47:40.869904+00:00,True
GHOST_0095,70.62,paid,2021-01-12 21:00:51.010582+00:00,False
3379715862,87.13,paid,2021-01-20 03:51:20.311640+00:00,True
7728348081,185.59,paid,2021-01-21 17:10:32.024394+00:00,True
1787276575,13.0,paid,2021-01-24 15:00:00.070981+00:00,True
8873172750,51.59,paid,2021-01-24 03:51:48.963829+00:00,True
139515532,24.0,paid,2021-01-24 00:24:21.372798+00:00,True
6104796955,119.14,paid,2021-01-12 14:19:29.015406+00:00,True
9202379447,96.05,paid,2021-01-21 04:44:23.448283+00:00,True
1168671571,115.87,paid,2021-01-13 08:31:20.100625+00:00,True
4095665308,214.18,paid,2021-01-16 14:14:25.577671+00:00,True
7084873807,55.0,paid,2021-01-08 03:35:40.345968+00:00,True
2019397799,156.37,paid,2021-01-26 04:16:46.081188+00:00,True
6474642604,94.35,paid,2021-01-22 14:21:15.102577+00:00,True
GHOST_0073,242.06,paid,2021-01-07 15:35:47.861108+00:00,False
8480274106,194.82,paid,2021-01-20 17:11:05.103896+00:00,True
GHOST_0010,238.93,paid,2021-01-19 23:33:17.531384+00:00,False
4637626915,1200.0,paid,2021-01-19 01:13:29.172903+00:00,True
637234245,32.0,paid,2021-01-22 01:23:28.076057+00:00,True
562741271,72.45,paid,2021-01-08 20:12:17.709237+00:00,True
9056292107,234.91,paid,2021-01-08 08:18:22.023796+00:00,True
GHOST_0009,89.53,paid,2021-01-06 06:16:56.687750+00:00,False
GHOST_0119,220.63,paid,2021-01-06 06:53:11.218606+00:00,False
860064509,241.36,paid,2021-01-25 20:58:10.213124+00:00,True
GHOST_0067,20.84,paid,2021-01-14 09:59:39.942550+00:00,False
2653546935,135.0,paid,2021-01-22 13:29:31.087100+00:00,True
6040723997,193.5,paid,2021-01-24 22:50:59.696164+00:00,True
4234932841,219.89,paid,2021-01-14 22:18:14.118827+00:00,True
2164442984,171.79,voided,2021-01-19 09:28:31.380880+00:00,True
9999219962,132.0,paid,2021-01-14 06:52:25.597400+00:00,True
362288800,51.06,paid,2021-01-09 17:15:23.615839+00:00,True
3376237212,16.0,paid,2021-01-07 06:04:41.650613+00:00,True
GHOST_0036,57.13,paid,2021-01-24 19:59:08.751277+00:00,False
5339448375,121.88,paid,2021-01-21 19:45:44.663662+00:00,True
6141825359,63.0,paid,2021-01-08 16:59:09.427795+00:00,True
8585779849,107.2,refunded,2021-01-23 13:02:28.645813+00:00,True
GHOST_0138,203.48,paid,2021-01-14 01:47:44.209522+00:00,False
741651606,48.04,paid,2021-01-10 08:08:33.401527+00:00,True
1726622047,80.38,paid,2021-01-21 19:54:23.818717+00:00,True
9295473858,88.0,paid,2021-01-13 08:31:12.696980+00:00,True
6123355003,34.63,paid,2021-01-13 10:57:36.621527+00:00,True
GHOST_0012,136.04,paid,2021-01-22 22:32:04.983776+00:00,False
2332215228,214.42,paid,2021-01-16 07:05:18.729093+00:00,True
2642684277,177.68,paid,2021-01-07 21:49:27.948464+00:00,True
1656748583,119.5,paid,2021-01-09 19:33:17.980591+00:00,True
5879586753,60.0,paid,2021-01-11 13:03:49.512762+00:00,True
8150146021,32.0,paid,2021-01-18 17:05:57.034630+00:00,True
2032969195,36.0,paid,2021-01-12 18:07:03.581737+00:00,True
8201202929,16.0,paid,2021-01-16 06:17:54.326291+00:00,True
1154910245,12.0,paid,2021-01-26 06:05:36.683695+00:00,True
9373092026,91.0,paid,2021-01-25 21:20:08.830729+00:00,True
GHOST_0091,168.2,paid,2021-01-23 18:03:25.544868+00:00,False
6718452854,224.0,paid,2021-01-25 09:07:47.461964+00:00,True
GHOST_0136,227.12,paid,2021-01-20 19:21:46.553144+00:00,False
4466743446,235.74,paid,2021-01-07 12:08:17.116977+00:00,True
2429170652,201.88,paid,2021-01-22 02:18:22.059314+00:00,True
4159477087,211.1,paid,2021-01-16 15:36:09.094248+00:00,True
2662965792,70.44,paid,2021-01-30 21:41:38.988852+00:00,True
5884265343,56.62,paid,2021-01-25 17:19:46.545886+00:00,True
231494891,16.0,paid,2021-01-23 04:07:09.859548+00:00,True
GHOST_0098,39.74,paid,2021-01-20 04:36:18.040418+00:00,False
5649569473,130.75,paid,2021-01-11 19:53:36.682986+00:00,True
4977557483,33.2,paid,2021-01-22 16:57:06.879626+00:00,True
GHOST_0100,154.69,paid,2021-01-23 02:18:25.679312+00:00,False
4430802900,44.0,paid,2021-01-25 21:47:52.612255+00:00,True
1581551193,113.81,voided,2021-01-27 22:07:57.422644+00:00,True
GHOST_0105,231.43,paid,2021-01-22 05:20:38.391819+00:00,False
9869834972,224.16,paid,2021-01-21 21:00:10.232239+00:00,True
GHOST_0019,224.54,paid,2021-01-16 01:58:22.076730+00:00,False
1664773926,30.12,paid,2021-01-25 05:35:25.383390+00:00,True
592434656,56.0,paid,2021-01-15 22:03:10.649264+00:00,True
GHOST_0147,105.5,paid,2021-01-12 00:12:30.447871+00:00,False
3467180431,221.45,paid,2021-01-25 12:10:21.025135+00:00,True
431290031,47.0,paid,2021-01-20 17:11:19.440623+00:00,True
5579104024,44.0,paid,2021-01-12 11:53:20.119624+00:00,True
949966169,17.0,voided,2021-01-30 14:43:09.823807+00:00,True
9120142276,5.0,paid,2021-01-18 01:29:23.778244+00:00,True
9496677262,203.77,paid,2021-01-19 19:39:37.160448+00:00,True
2971675833,179.91,paid,2021-01-25 17:14:23.767994+00:00,True
7131195493,127.1,paid,2021-01-06 17:08:36.393012+00:00,True
4854355919,95.18,paid,2021-01-22 06:17:46.652737+00:00,True
9876586380,51.16,paid,2021-01-12 19:51:50.278994+00:00,True
GHOST_0052,151.56,paid,2021-01-14 13:01:21.905747+00:00,False
2760203514,88.42,paid,2021-01-21 13:03:10.254956+00:00,True
2233081804,29.32,paid,2021-01-22 04:57:06.694138+00:00,True
8995656036,91.58,paid,2021-01-15 13:50:12.293774+00:00,True
7543218583,17.0,paid,2021-01-25 19:11:06.278540+00:00,True
212838509,32.0,paid,2021-01-22 17:53:39.233432+00:00,True
GHOST_0024,89.24,paid,2021-01-22 14:55:18.464640+00:00,False
1403210420,11.0,paid,2021-01-12 22:07:50.957351+00:00,True
5459818147,32.18,paid,2021-01-25 10:33:34.046783+00:00,True
2948907996,133.1,paid,2021-01-26 23:12:21.029209+00:00,True
5079319279,171.47,paid,2021-01-22 15:31:34.774307+00:00,True
9772644010,29.0,voided,2021-01-14 19:56:01.351068+00:00,True
8511959958,95.53,paid,2021-01-22 05:43:08.659206+00:00,True
7500240429,118.48,paid,2021-01-16 10:04:33.771646+00:00,True
GHOST_0082,202.25,paid,2021-01-08 02:21:36.688061+00:00,False
2144082956,120.0,paid,2021-01-22 10:42:02.766598+00:00,True
6468768631,44.0,paid,2021-01-15 13:57:21.920292+00:00,True
9922393157,37.0,paid,2021-01-12 04:10:39.026658+00:00,True
5394399799,107.09,paid,2021-01-23 12:23:14.958454+00:00,True
980900848,223.83,paid,2021-01-21 09:07:40.430856+00:00,True
8231116642,39.04,paid,2021-01-21 02:17:33.524180+00:00,True
3866489330,40.0,paid,2021-01-13 18:27:17.070380+00:00,True
4844210993,44.0,paid,2021-01-15 10:14:16.129210+00:00,True
2309224890,203.49,paid,2021-01-15 13:42:37.164573+00:00,True
904355357,51.81,paid,2021-01-11 18:43:22.674072+00:00,True
GHOST_0135,213.24,paid,2021-01-12 04:15:09.150485+00:00,False
1227073175,230.2,paid,2021-01-29 21:19:25.501419+00:00,True
4876286136,20.0,paid,2021-01-19 16:14:22.535346+00:00,True
6226270032,48.0,paid,2021-01-14 10:55:30.976438+00:00,True
3032055761,172.01,paid,2021-01-20 10:06:44.310833+00:00,True
3645927043,246.89,paid,2021-01-22 22:49:45.554934+00:00,True
GHOST_0154,101.37,paid,2021-01-15 14:32:06.671496+00:00,False
3239314619,92.0,paid,2021-01-24 16:07:59.089925+00:00,True
GHOST_0116,107.5,paid,2021-01-03 16:37:42.496852+00:00,False
GHOST_0090,115.08,paid,2021-01-15 19:52:55.614850+00:00,False
1040499224,44.0,paid,2021-01-21 02:30:08.704012+00:00,True
GHOST_0108,51.1,paid,2021-01-17 22:52:47.111629+00:00,False
9052521462,80.68,paid,2021-01-27 18:13:12.670822+00:00,True
3801109542,172.23,paid,2021-01-22 01:23:34.650816+00:00,True
GHOST_0028,37.2,paid,2021-01-19 19:22:32.549850+00:00,False
6348863541,89.0,paid,2021-01-20 03:12:49.086683+00:00,True
4854702029,132.72,paid,2021-01-22 10:30:39.992976+00:00,True
8241747000,89.0,paid,2021-01-20 08:36:29.009556+00:00,True
8346162501,88.78,paid,2021-01-24 23:55:14.696748+00:00,True
7901505928,44.0,paid,2021-01-06 05:56:53.687750+00:00,True
5512850740,216.76,paid,2021-01-12 14:04:20.126162+00:00,True
1593465707,186.09,paid,2021-01-22 02:05:06.811111+00:00,True
GHOST_0057,45.8,paid,2021-01-08 19:44:58.412861+00:00,False
3446073010,168.33,paid,2021-01-08 16:25:00.593111+00:00,True
4157468043,66.51,paid,2021-01-20 00:59:42.552023+00:00,True
183062884,28.0,paid,2021-01-03 03:55:01.145383+00:00,True
582830432,242.66,paid,2021-01-20 14:17:19.573432+00:00,True
7899745278,55.0,paid,2021-01-09 14:59:26.668525+00:00,True
6273435804,227.76,paid,2021-01-22 09:53:07.869450+00:00,True
GHOST_0074,155.07,paid,2021-01-21 10:18:07.127461+00:00,False
GHOST_0040,87.93,paid,2021-01-08 11:28:07.174920+00:00,False
GHOST_0029,190.5,paid,2021-01-16 07:19:37.729093+00:00,False
8013535395,19.0,paid,2021-01-19 21:04:28.017230+00:00,True
9196764013,75.0,paid,2021-01-23 21:17:01.705814+00:00,True
357307090,30.0,paid,2021-01-06 03:42:33.890543+00:00,True
567452294,76.0,paid,2021-01-20 22:42:51.502075+00:00,True
7795694884,44.0,paid,2021-01-12 09:15:15.993990+00:00,True
9749588450,192.26,paid,2021-01-23 00:35:17.642007+00:00,True
4260870052,134.1,paid,2021-01-26 16:10:56.064058+00:00,True
4033551852,122.0,paid,2021-01-20 22:42:00.387182+00:00,True
4815917600,108.09,paid,2021-01-22 03:29:17.074668+00:00,True
3599824560,48.0,paid,2021-01-19 13:43:58.692235+00:00,True
532953002,234.28,paid,2021-01-28 14:10:46.742139+00:00,True
9835534247,44.0,voided,2021-01-20 04:11:47.927289+00:00,True
2202560364,184.05,paid,2021-01-26 05:10:36.201507+00:00,True
GHOST_0061,85.72,paid,2021-01-22 04:42:03.682926+00:00,False
7463222749,146.46,paid,2021-01-11 23:31:11.555384+00:00,True
1533762514,15.0,paid,2021-01-15 14:15:14.671496+00:00,True
6108754040,44.0,paid,2021-01-24 00:02:33.325162+00:00,True
6247808608,55.0,paid,2021-01-26 08:03:36.671268+00:00,True
4757713448,226.84,voided,2021-01-15 16:35:24.295094+00:00,True
8734786547,150.38,paid,2021-01-23 17:10:08.961552+00:00,True
GHOST_0030,76.68,paid,2021-01-16 01:22:25.076730+00:00,False
7357789188,124.65,paid,2021-01-11 06:20:22.109696+00:00,True
3822890750,157.11,refunded,2021-01-01 09:41:05.761156+00:00,True
2725567312,22.0,paid,2021-01-24 08:29:25.358594+00:00,True
9130569770,13.0,paid,2021-01-22 13:52:29.423556+00:00,True
GHOST_0081,209.92,paid,2021-01-15 09:13:10.918030+00:00,False
2739337173,130.02,paid,2021-01-21 20:05:29.713392+00:00,True
5477477361,159.08,paid,2021-01-23 00:31:17.919059+00:00,True
2664588939,202.7,paid,2021-01-20 13:11:26.163563+00:00,True
6891587030,33.84,paid,2021-01-22 08:08:37.761055+00:00,True
GHOST_0102,208.8,paid,2021-01-23 18:02:53.544868+00:00,False
1810358638,117.94,paid,2021-01-22 07:17:55.512113+00:00,True
8813704877,188.62,paid,2021-01-06 12:58:36.295669+00:00,True
1994682443,231.24,paid,2021-01-25 22:06:15.445793+00:00,True
5917839020,109.77,paid,2021-01-23 17:52:39.544868+00:00,True
4938563816,168.39,paid,2021-01-20 06:28:15.536216+00:00,True
8159931531,32.1,paid,2021-01-16 00:57:21.973114+00:00,True
8427151470,77.0,paid,2021-01-20 04:21:18.058311+00:00,True
4954519074,216.42,paid,2021-01-04 05:54:48.621329+00:00,True
4381494671,2.0,paid,2021-01-03 01:05:03.823235+00:00,True
GHOST_0025,196.42,paid,2021-01-20 04:07:55.446540+00:00,False
2348897667,78.01,paid,2021-01-24 18:03:08.495419+00:00,True
5657801233,249.34,paid,2021-01-25 13:58:12.001998+00:00,True
4966290612,167.45,paid,2021-01-10 18:42:16.744909+00:00,True
273675698,47.39,refunded,2021-01-07 11:38:54.401594+00:00,True
2321422855,24.0,paid,2021-01-03 18:44:45.876201+00:00,True
GHOST_0063,170.77,paid,2021-01-26 02:35:06.656278+00:00,False
8836789926,78.28,paid,2021-01-12 22:46:38.264387+00:00,True
3320888651,24.0,paid,2021-01-19 09:42:30.166089+00:00,True
7863938924,136.55,paid,2021-01-24 16:58:53.663034+00:00,True
6181277571,66.12,paid,2021-01-15 18:19:09.526969+00:00,True
5572738481,183.74,paid,2021-01-13 22:19:13.214383+00:00,True
8076704447,28.0,paid,2021-01-16 16:19:03.560962+00:00,True
5661649453,24.0,paid,2021-01-22 11:05:47.387573+00:00,True
8229308905,94.07,paid,2021-01-15 16:48:00.342519+00:00,True
6998356028,96.0,paid,2021-01-21 15:39:19.348207+00:00,True
5739685580,200.39,paid,2021-01-19 19:50:47.873269+00:00,True
8174569580,75.33,paid,2021-01-08 17:23:12.954145+00:00,True
4650560576,69.0,paid,2021-01-05 03:42:53.575185+00:00,True
1680465656,60.0,paid,2021-01-19 22:20:33.476481+00:00,True
7641364637,125.2,paid,2021-01-22 16:49:39.726530+00:00,True
6497038083,146.06,paid,2021-01-07 04:47:00.410501+00:00,True
GHOST_0149,77.62,paid,2021-01-04 03:06:57.151707+00:00,False
3779126356,30.04,paid,2021-01-20 09:21:57.286236+00:00,True
1316995983,244.18,paid,2021-01-25 21:52:23.895238+00:00,True
GHOST_0157,104.17,paid,2021-01-20 03:05:59.789632+00:00,False
8200614957,114.11,paid,2021-01-05 19:59:18.692776+00:00,True
9930166593,150.53,paid,2021-01-25 00:07:03.178541+00:00,True
5768097016,119.95,paid,2021-01-02 21:17:12.166570+00:00,True
6532891180,146.06,paid,2021-01-08 15:58:33.528952+00:00,True
9355353884,46.0,paid,2021-01-04 22:55:19.065864+00:00,True
245260373,29.79,paid,2021-01-19 21:43:48.933468+00:00,True
8803970414,93.02,paid,2021-01-15 12:10:10.355180+00:00,True
7615008057,153.0,paid,2021-01-09 02:19:45.663956+00:00,True
1843860101,84.0,paid,2021-01-23 00:37:54.776854+00:00,True
4813973658,168.31,paid,2021-01-11 03:33:41.314529+00:00,True
GHOST_0017,117.25,paid,2021-01-07 07:55:36.717000+00:00,False
6459274558,129.5,paid,2021-01-24 22:49:30.703902+00:00,True
5766200021,16.0,paid,2021-01-04 02:48:01.151707+00:00,True
4872903143,165.71,paid,2021-01-27 22:13:12.012264+00:00,True
7607019843,32.17,paid,2021-01-14 20:03:20.351985+00:00,True
6628685028,89.46,voided,2021-01-23 14:39:22.416828+00:00,True
5085145915,187.24,paid,2021-01-22 22:29:17.497191+00:00,True
7126747737,104.91,paid,2021-01-22 19:46:29.323048+00:00,True
3856166087,197.77,paid,2021-01-13 01:48:33.914335+00:00,True
3564770824,191.23,paid,2021-01-22 18:07:48.577540+00:00,True
3685150546,102.5,paid,2021-01-12 09:25:51.911068+00:00,True
6346464152,131.98,paid,2021-01-23 04:17:00.457052+00:00,True
6573792734,99.0,voided,2021-01-19 13:32:22.704597+00:00,True
7829330178,79.48,paid,2021-01-19 04:07:10.205621+00:00,True
6111426636,247.21,paid,2021-01-12 11:57:52.912482+00:00,True
8108598458,36.65,paid,2021-01-25 20:00:18.624859+00:00,True
2674226125,62.95,paid,2021-01-26 04:53:48.009707+00:00,True
8487465932,161.03,paid,2021-01-12 20:23:00.858982+00:00,True
GHOST_0132,27.21,paid,2021-01-05 18:47:07.802472+00:00,False
700909054,136.11,paid,2021-01-10 04:30:38.958354+00:00,True
1630184917,5.0,paid,2021-01-08 19:20:42.901157+00:00,True
7089154993,147.94,paid,2021-01-20 20:03:33.440828+00:00,True
8908762182,38.0,paid,2021-01-23 11:55:13.782354+00:00,True
5021951306,117.02,paid,2021-01-16 04:21:11.276179+00:00,True
7061575594,188.25,paid,2021-01-22 22:55:03.912880+00:00,True
6581143665,149.04,paid,2021-01-19 01:30:30.191059+00:00,True
9572623911,90.16,paid,2021-01-25 01:46:15.196019+00:00,True
864693032,198.14,paid,2021-01-24 17:59:22.032306+00:00,True
4384748877,70.43,paid,2021-01-06 19:23:13.902361+00:00,True
733810968,34.0,paid,2021-01-20 14:53:44.779121+00:00,True
7612708644,55.0,paid,2021-01-15 12:05:56.077207+00:00,True
463396072,34.85,paid,2021-01-01 13:52:03.176188+00:00,True
GHOST_0125,149.24,paid,2021-01-20 20:20:34.349756+00:00,False
GHOST_0152,112.97,paid,2021-01-25 17:54:43.767994+00:00,False
3312395490,148.68,paid,2021-01-20 16:02:23.590235+00:00,True
GHOST_0027,102.81,paid,2021-01-23 07:43:11.549566+00:00,False
4855690108,13.0,paid,2021-01-05 21:38:29.927922+00:00,True
2462034469,187.19,paid,2021-01-11 20:36:38.944244+00:00,True
3989453874,149.97,paid,2021-01-03 05:37:40.822929+00:00,True
GHOST_0038,220.52,paid,2021-01-12 20:30:32.108196+00:00,False
2688887906,55.0,paid,2021-01-24 19:53:53.751277+00:00,True
4511670223,247.95,paid,2021-01-20 05:36:04.366710+00:00,True
4484983022,57.78,paid,2021-01-17 07:38:08.750409+00:00,True
1240454213,44.0,paid,2021-01-19 05:05:23.019258+00:00,True
GHOST_0146,123.76,paid,2021-01-03 13:59:34.541475+00:00,False
6513404011,108.7,paid,2021-01-15 03:09:17.939851+00:00,True
4118671660,75.55,paid,2021-01-06 08:16:38.002386+00:00,True
9012790153,158.0,paid,2021-01-14 23:13:54.612032+00:00,True
2755524324,205.59,paid,2021-01-29 09:59:35.672581+00:00,True
1774262489,137.02,paid,2021-01-20 02:30:33.524306+00:00,True
410111968,81.49,paid,2021-01-14 12:15:17.131686+00:00,True
5630831673,30.0,paid,2021-01-24 22:52:30.674777+00:00,True
4179731425,243.82,paid,2021-01-12 04:45:14.353570+00:00,True
9537139808,87.67,paid,2021-01-01 11:16:21.905691+00:00,True
4368822287,38.0,paid,2021-01-14 01:22:31.336469+00:00,True
9205739218,112.91,paid,2021-01-21 12:59:02.110927+00:00,True
5487261931,77.2,paid,2021-01-15 02:54:34.352106+00:00,True
775681598,99.33,paid,2021-01-08 03:14:24.620943+00:00,True
8177156089,57.39,paid,2021-01-25 18:52:18.796146+00:00,True
73704467,48.0,voided,2021-01-02 18:07:56.634113+00:00,True
1751294558,86.0,paid,2021-01-22 02:05:08.139905+00:00,True
5458907709,146.79,paid,2021-01-25 23:00:14.401581+00:00,True
3673315676,171.25,paid,2021-01-20 14:41:30.430418+00:00,True
GHOST_0134,38.29,paid,2021-01-22 19:17:06.991633+00:00,False
5085145915,190.08,paid,2021-01-22 22:27:32.513065+00:00,True
GHOST_0053,61.95,paid,2021-01-16 03:10:06.525387+00:00,False
6844954855,24.0,paid,2021-01-10 23:21:00.179163+00:00,True
GHOST_0071,47.98,paid,2021-01-09 10:20:02.361055+00:00,False
4114996776,24.0,paid,2021-01-22 20:36:36.201065+00:00,True
2072359252,67.0,paid,2021-01-20 19:54:06.349756+00:00,True
9252037842,16.0,paid,2021-01-19 23:59:46.603255+00:00,True
1697925196,84.26,paid,2021-01-26 03:15:27.401147+00:00,True
7420814023,165.42,paid,2021-01-23 09:48:05.935584+00:00,True
1826881991,143.63,paid,2021-01-12 23:06:49.495678+00:00,True
9036595162,237.65,paid,2021-01-02 16:32:27.657567+00:00,True
4375718055,125.87,paid,2021-01-19 18:26:49.073660+00:00,True
4550164848,44.0,paid,2021-01-13 04:26:32.302597+00:00,True
GHOST_0051,178.15,paid,2021-01-09 19:44:59.223131+00:00,False
7431728764,205.59,paid,2021-01-15 02:52:36.291912+00:00,True
5308640195,22.0,paid,2021-01-25 10:36:11.696604+00:00,True
7310054236,25.5,paid,2021-01-14 06:22:34.670207+00:00,True
5624585118,108.84,paid,2021-01-24 10:57:09.183431+00:00,True
4820877956,66.0,paid,2021-01-07 16:40:06.310481+00:00,True
9457594371,38.0,paid,2021-01-26 02:09:22.130976+00:00,True
4125783967,44.0,paid,2021-01-06 18:04:30.609479+00:00,True
7306736466,166.26,paid,2021-01-14 15:36:13.589580+00:00,True
1637444689,195.56,paid,2021-01-19 22:44:36.590306+00:00,True
7083688017,32.0,paid,2021-01-07 15:19:52.057347+00:00,True
GHOST_0140,165.98,paid,2021-01-28 12:03:58.829450+00:00,False
6785150285,24.0,paid,2021-01-26 02:24:52.476603+00:00,True
